SYMBOL,STOCK
URBAN,URBAN.NS
SPECTSTM,SPECTSTM.NS
KDL,KDL.NS
SAHANA,SAHANA.NS
INFOLLION,INFOLLION.NS
PROV,PROV.NS
CRAYONS,CRAYONS.NS
DENTALKART,DENTALKART.NS
REMUS,REMUS.NS
KRISHCA,KRISHCA.NS
AUROIMPEX,AUROIMPEX.NS
DENEERS,DENEERS.NS
QUICKTOUCH,QUICKTOUCH.NS
AGUL,AGUL.NS
PATTECH,PATTECH.NS
MOS,MOS.NS
INFINIUM,INFINIUM.NS
SOTAC,SOTAC.NS
NIRMAN,NIRMAN.NS
QFIL,QFIL.NS
VELS,VELS.NS
MCON,MCON.NS
VERTEXPLUS,VERTEXPLUS.NS
SYSTANGO,SYSTANGO.NS
SRIVASAVI,SRIVASAVI.NS
VIAZ,VIAZ.NS
AGARWALFT,AGARWALFT.NS
LRRPL,LRRPL.NS
SHERA,SHERA.NS
GRCL,GRCL.NS
ARISTO,ARISTO.NS
DUCOL,DUCOL.NS
CMNL,CMNL.NS
ANLON,ANLON.NS
RBMINFRA,RBMINFRA.NS
HOMESFY,HOMESFY.NS
MOXSH,MOXSH.NS
UMA,UMA.NS
ARIHANTACA,ARIHANTACA.NS
DOLLEX,DOLLEX.NS
ALLETEC,ALLETEC.NS
ARHAM,ARHAM.NS
PRITIKA,PRITIKA.NS
BAHETI,BAHETI.NS
AMIABLE,AMIABLE.NS
VITAL,VITAL.NS
RITEZONE,RITEZONE.NS
IPSL,IPSL.NS
PHANTOMFX,PHANTOMFX.NS
FROG,FROG.NS
SWASTIK,SWASTIK.NS
LLOYDS,LLOYDS.NS
QMSMEDI,QMSMEDI.NS
CMRSL,CMRSL.NS
KANDARP,KANDARP.NS
MAKS,MAKS.NS
ANNAPURNA,ANNAPURNA.NS
CLOUD,CLOUD.NS
ISHAN,ISHAN.NS
TAPIFRUIT,TAPIFRUIT.NS
SABAR,SABAR.NS
MEGAFLEX,MEGAFLEX.NS
VIVIANA,VIVIANA.NS
KORE,KORE.NS
JFLLIFE,JFLLIFE.NS
AMEYA,AMEYA.NS
VEEKAYEM,VEEKAYEM.NS
USASEEDS,USASEEDS.NS
AGNI,AGNI.NS
SKP,SKP.NS
MWL,MWL.NS
KCK,KCK.NS
FIDEL,FIDEL.NS
RILINFRA,RILINFRA.NS
GSTL,GSTL.NS
SONUINFRA,SONUINFRA.NS
LEMERITE,LEMERITE.NS
JSLL,JSLL.NS
KRISHNADEF,KRISHNADEF.NS
PROPEQUITY,PROPEQUITY.NS
KRISHIVAL,KRISHIVAL.NS
SWARAJ,SWARAJ.NS
KNAGRI,KNAGRI.NS
COOLCAPS,COOLCAPS.NS
SPRL,SPRL.NS
SHIGAN,SHIGAN.NS
MADHAVBAUG,MADHAVBAUG.NS
RICHA,RICHA.NS
PRECISION,PRECISION.NS
TIMESCAN,TIMESCAN.NS
ABCOTS,ABCOTS.NS
VIVO,VIVO.NS
FOCE,FOCE.NS
EUROBOND,EUROBOND.NS
NIDAN,NIDAN.NS
KOTYARK,KOTYARK.NS
DKEGL,DKEGL.NS
DYNAMIC,DYNAMIC.NS
DESTINY,DESTINY.NS
BMETRICS,BMETRICS.NS
JAINAM,JAINAM.NS
QUADPRO,QUADPRO.NS
BEWLTD,BEWLTD.NS
DUGLOBAL,DUGLOBAL.NS
NPST,NPST.NS
REXPIPES,REXPIPES.NS
WALPAR,WALPAR.NS
AILIMITED,AILIMITED.NS
VMARCIND,VMARCIND.NS
SIDDHIKA,SIDDHIKA.NS
PARTYCRUS,PARTYCRUS.NS
LGHL,LGHL.NS
ASCOM,ASCOM.NS
SONAHISONA,SONAHISONA.NS
SHIVAUM,SHIVAUM.NS
SECL,SECL.NS
ABINFRA,ABINFRA.NS
KHFM,KHFM.NS
MINDPOOL,MINDPOOL.NS
SURANI,SURANI.NS
DRSDILIP,DRSDILIP.NS
SHUBHLAXMI,SHUBHLAXMI.NS
UWCSL,UWCSL.NS
PARIN,PARIN.NS
SPECTRUM,SPECTRUM.NS
UCL,UCL.NS
AMBANIORG,AMBANIORG.NS
JAKHARIA,JAKHARIA.NS
BRIGHT,BRIGHT.NS
MAHICKRA,MAHICKRA.NS
PENTAGOLD,PENTAGOLD.NS
VERA,VERA.NS
SSINFRA,SSINFRA.NS
CONTI,CONTI.NS
GIRIRAJ,GIRIRAJ.NS
URAVI,URAVI.NS
MDL,MDL.NS
TARACHAND,TARACHAND.NS
MHHL,MHHL.NS
VASA,VASA.NS
SOLEX,SOLEX.NS
SKSTEXTILE,SKSTEXTILE.NS
SMVD,SMVD.NS
INNOVANA,INNOVANA.NS
FELIX,FELIX.NS
PULZ,PULZ.NS
AISL,AISL.NS
MILTON,MILTON.NS
OMFURN,OMFURN.NS
BETA,BETA.NS
RELIABLE,RELIABLE.NS
GOLDSTAR,GOLDSTAR.NS
INNOVATIVE,INNOVATIVE.NS
TIRUPATI,TIRUPATI.NS
CADSYS,CADSYS.NS
RMDRIP,RMDRIP.NS
MPTODAY,MPTODAY.NS
MANAV,MANAV.NS
PASHUPATI,PASHUPATI.NS
TRANSWIND,TRANSWIND.NS
ACCORD,ACCORD.NS
SRIRAM,SRIRAM.NS
VSCL,VSCL.NS
JALAN,JALAN.NS
ASLIND,ASLIND.NS
PROLIFE,PROLIFE.NS
GICL,GICL.NS
DRL,DRL.NS
AURDIS,AURDIS.NS
GRETEX,GRETEX.NS
JETKNIT,JETKNIT.NS
AVSL,AVSL.NS
KKVAPOW,KKVAPOW.NS
PERFECT,PERFECT.NS
AHIMSA,AHIMSA.NS
SHAIVAL,SHAIVAL.NS
EMKAYTOOLS,EMKAYTOOLS.NS
THEJO,THEJO.NS
